,Month of Period End,Month of Period End,Month of Period End,Month of Period End,Month of Period End,Month of Period End,Month of Period End,Month of Period End,Month of Period End,Month of Period End,Month of Period End,Month of Period End,Month of Period End,Month of Period End,Month of Period End,Month of Period End,Month of Period End,Month of Period End,Month of Period End,Month of Period End,Month of Period End,Month of Period End,Month of Period End,Month of Period End,Month of Period End,Month of Period End,Month of Period End,Month of Period End,Month of Period End,Month of Period End,Month of Period End,Month of Period End,Month of Period End,Month of Period End,Month of Period End,Month of Period End,Month of Period End,Month of Period End,Month of Period End,Month of Period End,Month of Period End,Month of Period End,Month of Period End,Month of Period End,Month of Period End,Month of Period End,Month of Period End,Month of Period End,Month of Period End,Month of Period End,Month of Period End,Month of Period End,Month of Period End,Month of Period End,Month of Period End,Month of Period End,Month of Period End,Month of Period End,Month of Period End,Month of Period End,Month of Period End,Month of Period End,Month of Period End,Month of Period End,Month of Period End,Month of Period End,Month of Period End,Month of Period End,Month of Period End,Month of Period End,Month of Period End,Month of Period End,Month of Period End,Month of Period End,Month of Period End,Month of Period End,Month of Period End,Month of Period End,Month of Period End,Month of Period End,Month of Period End,Month of Period End,Month of Period End,Month of Period End,Month of Period End,Month of Period End,Month of Period End,Month of Period End,Month of Period End,Month of Period End,Month of Period End,Month of Period End,Month of Period End,Month of Period End,Month of Period End,Month of Period End,Month of Period End,Month of Period End,Month of Period End,Month of Period End,Month of Period End,Month of Period End,Month of Period End,Month of Period End,Month of Period End,Month of Period End,Month of Period End,Month of Period End,Month of Period End,Month of Period End,Month of Period End,Month of Period End,Month of Period End,Month of Period End,Month of Period End,Month of Period End,Month of Period End,Month of Period End,Month of Period End,Month of Period End,Month of Period End,Month of Period End,Month of Period End,Month of Period End,Month of Period End,Month of Period End,Month of Period End,Month of Period End,Month of Period End,Month of Period End,Month of Period End,Month of Period End,Month of Period End,Month of Period End,Month of Period End,Month of Period End,Month of Period End,Month of Period End,Month of Period End,Month of Period End,Month of Period End,Month of Period End,Month of Period End,Month of Period End,Month of Period End,Month of Period End,Month of Period End,Month of Period End,Month of Period End,Month of Period End,Month of Period End,Month of Period End,Month of Period End,Month of Period End,Month of Period End,Month of Period End,Month of Period End,Month of Period End
Region,January 2012,February 2012,March 2012,April 2012,May 2012,June 2012,July 2012,August 2012,September 2012,October 2012,November 2012,December 2012,January 2013,February 2013,March 2013,April 2013,May 2013,June 2013,July 2013,August 2013,September 2013,October 2013,November 2013,December 2013,January 2014,February 2014,March 2014,April 2014,May 2014,June 2014,July 2014,August 2014,September 2014,October 2014,November 2014,December 2014,January 2015,February 2015,March 2015,April 2015,May 2015,June 2015,July 2015,August 2015,September 2015,October 2015,November 2015,December 2015,January 2016,February 2016,March 2016,April 2016,May 2016,June 2016,July 2016,August 2016,September 2016,October 2016,November 2016,December 2016,January 2017,February 2017,March 2017,April 2017,May 2017,June 2017,July 2017,August 2017,September 2017,October 2017,November 2017,December 2017,January 2018,February 2018,March 2018,April 2018,May 2018,June 2018,July 2018,August 2018,September 2018,October 2018,November 2018,December 2018,January 2019,February 2019,March 2019,April 2019,May 2019,June 2019,July 2019,August 2019,September 2019,October 2019,November 2019,December 2019,January 2020,February 2020,March 2020,April 2020,May 2020,June 2020,July 2020,August 2020,September 2020,October 2020,November 2020,December 2020,January 2021,February 2021,March 2021,April 2021,May 2021,June 2021,July 2021,August 2021,September 2021,October 2021,November 2021,December 2021,January 2022,February 2022,March 2022,April 2022,May 2022,June 2022,July 2022,August 2022,September 2022,October 2022,November 2022,December 2022,January 2023,February 2023,March 2023,April 2023,May 2023,June 2023,July 2023,August 2023,September 2023,October 2023,November 2023,December 2023,January 2024,February 2024,March 2024,April 2024,May 2024,June 2024,July 2024,August 2024,September 2024,October 2024,November 2024,December 2024,January 2025,February 2025
Alabama,$131K,$153K,$140K,$142K,$155K,$164K,$154K,$158K,$145K,$150K,$159K,$159K,$130K,$138K,$145K,$152K,$158K,$169K,$169K,$159K,$157K,$151K,$148K,$161K,$144K,$145K,$154K,$153K,$162K,$166K,$165K,$166K,$158K,$154K,$153K,$157K,$144K,$149K,$156K,$162K,$169K,$171K,$167K,$164K,$156K,$158K,$157K,$159K,$151K,$152K,$159K,$165K,$170K,$177K,$175K,$165K,$170K,$166K,$167K,$172K,$162K,$160K,$167K,$174K,$176K,$186K,$185K,$182K,$181K,$174K,$176K,$182K,$171K,$177K,$180K,$185K,$193K,$193K,$193K,$188K,$188K,$187K,$185K,$186K,$183K,$182K,$194K,$196K,$205K,$208K,$202K,$199K,$197K,$195K,$199K,$197K,$193K,$198K,$204K,$207K,$212K,$219K,$221K,$226K,$223K,$221K,$223K,$224K,$220K,$226K,$237K,$237K,$244K,$248K,$251K,$247K,$248K,$250K,$251K,$259K,$251K,$258K,$268K,$272K,$278K,$281K,$278K,$271K,$272K,$273K,$263K,$269K,$256K,$262K,$271K,$273K,$282K,$285K,$279K,$278K,$275K,$269K,$267K,$272K,$262K,$270K,$272K,$276K,$288K,$293K,$286K,$280K,$281K,$275K,$279K,$280K,$276K,$283K
Alaska,$240K,$246K,$243K,$242K,$251K,$260K,$254K,$258K,$259K,$259K,$250K,$250K,$249K,$246K,$250K,$259K,$260K,$257K,$269K,$274K,$254K,$252K,$259K,$253K,$231K,$238K,$265K,$253K,$257K,$265K,$271K,$255K,$258K,$261K,$252K,$262K,$251K,$251K,$261K,$262K,$271K,$276K,$273K,$267K,$269K,$258K,$259K,$266K,$260K,$272K,$262K,$268K,$270K,$283K,$277K,$265K,$273K,$268K,$284K,$276K,$265K,$268K,$268K,$272K,$275K,$275K,$272K,$278K,$275K,$280K,$267K,$261K,$262K,$262K,$262K,$270K,$279K,$282K,$286K,$284K,$278K,$269K,$278K,$278K,$257K,$259K,$270K,$274K,$280K,$291K,$283K,$290K,$287K,$274K,$271K,$280K,$271K,$284K,$288K,$304K,$293K,$292K,$309K,$303K,$297K,$306K,$308K,$311K,$292K,$294K,$303K,$323K,$329K,$345K,$337K,$327K,$330K,$328K,$334K,$322K,$326K,$319K,$335K,$351K,$366K,$371K,$361K,$349K,$342K,$350K,$342K,$336K,$351K,$353K,$345K,$361K,$378K,$382K,$380K,$374K,$363K,$347K,$349K,$366K,$345K,$355K,$366K,$371K,$391K,$395K,$388K,$398K,$388K,$387K,$387K,$384K,$387K,$385K
Arizona,$125K,$127K,$135K,$142K,$149K,$151K,$150K,$153K,$154K,$156K,$160K,$159K,$158K,$165K,$171K,$175K,$180K,$185K,$189K,$186K,$188K,$188K,$187K,$188K,$187K,$184K,$192K,$192K,$193K,$198K,$196K,$196K,$196K,$195K,$193K,$199K,$194K,$197K,$201K,$203K,$209K,$212K,$209K,$208K,$209K,$208K,$208K,$213K,$210K,$210K,$214K,$216K,$223K,$226K,$222K,$226K,$226K,$224K,$223K,$224K,$223K,$226K,$228K,$231K,$237K,$240K,$239K,$239K,$240K,$244K,$243K,$244K,$243K,$247K,$251K,$250K,$261K,$264K,$261K,$260K,$257K,$260K,$261K,$259K,$260K,$260K,$263K,$267K,$276K,$276K,$279K,$276K,$279K,$281K,$281K,$287K,$284K,$291K,$297K,$296K,$289K,$303K,$311K,$321K,$325K,$332K,$330K,$329K,$334K,$344K,$354K,$368K,$381K,$388K,$394K,$396K,$402K,$409K,$411K,$420K,$422K,$435K,$450K,$457K,$465K,$458K,$444K,$433K,$432K,$428K,$420K,$410K,$407K,$407K,$416K,$423K,$436K,$442K,$436K,$438K,$435K,$438K,$437K,$432K,$433K,$440K,$445K,$455K,$450K,$450K,$443K,$441K,$441K,$445K,$446K,$449K,$453K,$456K
Arkansas,$100K,$108K,$127K,$120K,$123K,$121K,$115K,$125K,$137K,$122K,$118K,$136K,$127K,$126K,$130K,$140K,$139K,$140K,$143K,$141K,$127K,$127K,$126K,$135K,$121K,$125K,$127K,$125K,$141K,$145K,$143K,$139K,$136K,$137K,$135K,$135K,$130K,$140K,$139K,$143K,$145K,$147K,$148K,$143K,$140K,$141K,$140K,$137K,$139K,$137K,$139K,$148K,$149K,$153K,$150K,$150K,$145K,$148K,$149K,$146K,$143K,$148K,$143K,$150K,$154K,$158K,$155K,$157K,$150K,$150K,$152K,$153K,$148K,$150K,$153K,$154K,$161K,$166K,$161K,$157K,$159K,$156K,$157K,$156K,$158K,$151K,$158K,$162K,$172K,$172K,$172K,$172K,$166K,$164K,$170K,$168K,$161K,$165K,$173K,$179K,$177K,$183K,$186K,$185K,$185K,$183K,$189K,$187K,$185K,$190K,$191K,$196K,$204K,$203K,$211K,$208K,$212K,$208K,$210K,$220K,$215K,$217K,$229K,$234K,$235K,$248K,$241K,$238K,$237K,$234K,$234K,$231K,$226K,$236K,$244K,$236K,$250K,$251K,$248K,$246K,$251K,$242K,$242K,$239K,$238K,$240K,$248K,$255K,$263K,$267K,$256K,$264K,$256K,$258K,$259K,$256K,$255K,$255K
California,$281K,$286K,$306K,$321K,$329K,$340K,$345K,$343K,$347K,$351K,$357K,$359K,$341K,$329K,$362K,$384K,$397K,$406K,$412K,$407K,$404K,$407K,$406K,$404K,$389K,$398K,$418K,$426K,$433K,$438K,$437K,$438K,$429K,$434K,$432K,$420K,$405K,$421K,$444K,$457K,$466K,$470K,$467K,$462K,$454K,$455K,$463K,$457K,$442K,$442K,$462K,$487K,$494K,$494K,$487K,$486K,$481K,$492K,$489K,$478K,$466K,$478K,$502K,$516K,$529K,$537K,$531K,$526K,$525K,$529K,$543K,$526K,$503K,$533K,$560K,$568K,$580K,$580K,$569K,$562K,$556K,$559K,$553K,$532K,$512K,$529K,$554K,$573K,$581K,$582K,$573K,$561K,$560K,$572K,$572K,$567K,$547K,$565K,$583K,$572K,$564K,$590K,$616K,$631K,$642K,$649K,$649K,$641K,$634K,$663K,$700K,$738K,$753K,$764K,$754K,$744K,$738K,$746K,$752K,$735K,$717K,$754K,$807K,$839K,$835K,$808K,$776K,$756K,$756K,$749K,$733K,$704K,$694K,$705K,$742K,$764K,$784K,$797K,$783K,$793K,$786K,$799K,$795K,$757K,$739K,$784K,$817K,$853K,$859K,$857K,$837K,$817K,$815K,$839K,$830K,$802K,$785K,$833K
Colorado,$220K,$204K,$220K,$231K,$246K,$249K,$239K,$237K,$240K,$241K,$234K,$250K,$234K,$239K,$250K,$261K,$262K,$264K,$264K,$260K,$263K,$254K,$257K,$255K,$251K,$261K,$267K,$280K,$284K,$282K,$281K,$279K,$277K,$279K,$285K,$293K,$296K,$301K,$307K,$310K,$317K,$317K,$310K,$310K,$313K,$308K,$315K,$315K,$309K,$321K,$336K,$337K,$340K,$353K,$341K,$339K,$340K,$340K,$341K,$346K,$339K,$337K,$359K,$367K,$371K,$376K,$359K,$373K,$364K,$374K,$364K,$370K,$375K,$380K,$385K,$399K,$399K,$401K,$392K,$395K,$391K,$391K,$384K,$394K,$382K,$392K,$398K,$407K,$413K,$412K,$408K,$412K,$413K,$410K,$409K,$414K,$410K,$416K,$426K,$421K,$418K,$425K,$449K,$474K,$492K,$495K,$477K,$471K,$458K,$477K,$497K,$528K,$528K,$527K,$532K,$532K,$541K,$552K,$553K,$562K,$542K,$562K,$576K,$614K,$601K,$602K,$570K,$571K,$572K,$583K,$578K,$551K,$548K,$550K,$564K,$588K,$583K,$579K,$583K,$605K,$609K,$622K,$582K,$584K,$596K,$600K,$602K,$628K,$603K,$608K,$593K,$593K,$611K,$627K,$622K,$600K,$607K,$583K
Columbia,$353K,$395K,$395K,$435K,$435K,$448K,$444K,$433K,$420K,$435K,$440K,$449K,$421K,$435K,$460K,$465K,$480K,$525K,$513K,$455K,$450K,$450K,$493K,$475K,$444K,$468K,$474K,$499K,$525K,$525K,$525K,$470K,$467K,$490K,$505K,$505K,$485K,$486K,$500K,$515K,$550K,$547K,$544K,$515K,$514K,$500K,$535K,$509K,$495K,$540K,$485K,$525K,$577K,$555K,$570K,$578K,$529K,$540K,$550K,$550K,$541K,$515K,$543K,$527K,$593K,$579K,$570K,$540K,$500K,$550K,$545K,$560K,$500K,$533K,$550K,$588K,$592K,$604K,$573K,$550K,$514K,$585K,$580K,$580K,$530K,$575K,$570K,$590K,$595K,$610K,$583K,$575K,$575K,$575K,$620K,$630K,$550K,$587K,$610K,$618K,$650K,$620K,$640K,$650K,$645K,$675K,$680K,$638K,$615K,$635K,$637K,$653K,$689K,$700K,$675K,$660K,$615K,$705K,$730K,$675K,$645K,$657K,$665K,$703K,$650K,$725K,$646K,$650K,$620K,$650K,$646K,$630K,$558K,$614K,$638K,$685K,$675K,$615K,$615K,$625K,$625K,$673K,$635K,$598K,$613K,$585K,$642K,$700K,$690K,$711K,$675K,$630K,$606K,$660K,$697K,$625K,$551K,$659K
Connecticut,$175K,$180K,$186K,$194K,$204K,$213K,$212K,$209K,$201K,$197K,$194K,$188K,$184K,$171K,$182K,$196K,$199K,$217K,$217K,$215K,$197K,$196K,$190K,$189K,$190K,$175K,$181K,$186K,$199K,$210K,$210K,$205K,$198K,$194K,$195K,$189K,$180K,$176K,$184K,$188K,$200K,$211K,$205K,$199K,$197K,$185K,$185K,$187K,$181K,$219K,$215K,$233K,$246K,$267K,$259K,$257K,$247K,$233K,$237K,$239K,$234K,$224K,$224K,$243K,$256K,$281K,$265K,$264K,$245K,$241K,$239K,$244K,$243K,$234K,$237K,$252K,$258K,$283K,$279K,$274K,$255K,$241K,$243K,$256K,$233K,$227K,$239K,$249K,$271K,$286K,$280K,$277K,$257K,$250K,$258K,$263K,$258K,$242K,$264K,$279K,$290K,$304K,$325K,$342K,$332K,$326K,$316K,$324K,$316K,$314K,$314K,$329K,$344K,$378K,$370K,$352K,$332K,$325K,$331K,$334K,$321K,$316K,$333K,$353K,$369K,$397K,$396K,$388K,$366K,$360K,$353K,$336K,$335K,$332K,$349K,$380K,$394K,$429K,$430K,$426K,$387K,$397K,$393K,$380K,$378K,$374K,$388K,$419K,$424K,$476K,$461K,$459K,$430K,$416K,$423K,$435K,$415K,$416K
Delaware,$162K,$158K,$171K,$174K,$178K,$192K,$190K,$183K,$194K,$187K,$186K,$181K,$186K,$164K,$177K,$179K,$187K,$217K,$208K,$205K,$190K,$198K,$190K,$187K,$187K,$182K,$190K,$187K,$197K,$209K,$204K,$206K,$204K,$207K,$200K,$189K,$186K,$197K,$208K,$208K,$205K,$223K,$215K,$221K,$207K,$210K,$206K,$206K,$206K,$196K,$203K,$207K,$210K,$225K,$221K,$218K,$213K,$217K,$213K,$213K,$203K,$199K,$210K,$209K,$220K,$222K,$221K,$222K,$212K,$209K,$209K,$213K,$205K,$202K,$211K,$207K,$230K,$229K,$221K,$230K,$224K,$220K,$221K,$225K,$219K,$223K,$220K,$222K,$232K,$239K,$243K,$251K,$238K,$236K,$238K,$235K,$228K,$235K,$238K,$241K,$249K,$261K,$256K,$261K,$268K,$262K,$271K,$264K,$259K,$255K,$259K,$267K,$275K,$300K,$308K,$293K,$285K,$290K,$294K,$290K,$292K,$283K,$277K,$317K,$322K,$330K,$332K,$335K,$314K,$323K,$321K,$308K,$305K,$300K,$307K,$324K,$326K,$334K,$347K,$337K,$342K,$331K,$339K,$338K,$317K,$332K,$336K,$350K,$360K,$355K,$353K,$369K,$365K,$359K,$354K,$350K,$340K,$352K
Florida,$118K,$118K,$126K,$131K,$135K,$139K,$137K,$136K,$137K,$135K,$140K,$146K,$136K,$139K,$148K,$152K,$158K,$164K,$165K,$165K,$161K,$158K,$159K,$165K,$154K,$153K,$162K,$164K,$176K,$179K,$178K,$174K,$175K,$172K,$172K,$180K,$170K,$173K,$184K,$187K,$196K,$197K,$193K,$191K,$190K,$187K,$189K,$188K,$187K,$187K,$195K,$201K,$208K,$211K,$209K,$210K,$208K,$206K,$206K,$213K,$203K,$208K,$216K,$219K,$224K,$230K,$225K,$226K,$222K,$221K,$225K,$229K,$224K,$227K,$235K,$237K,$239K,$246K,$237K,$237K,$237K,$236K,$237K,$238K,$233K,$236K,$241K,$244K,$252K,$256K,$252K,$250K,$250K,$248K,$252K,$257K,$249K,$254K,$263K,$263K,$260K,$268K,$280K,$283K,$282K,$286K,$291K,$298K,$298K,$303K,$312K,$322K,$328K,$337K,$338K,$336K,$338K,$341K,$352K,$360K,$361K,$369K,$385K,$396K,$406K,$407K,$394K,$390K,$389K,$390K,$388K,$381K,$383K,$386K,$398K,$401K,$407K,$410K,$404K,$405K,$403K,$404K,$404K,$404K,$405K,$408K,$416K,$423K,$421K,$420K,$410K,$403K,$404K,$410K,$408K,$411K,$410K,$411K
Georgia,$94K,$96K,$108K,$114K,$121K,$126K,$126K,$124K,$121K,$118K,$127K,$134K,$121K,$131K,$147K,$153K,$165K,$168K,$173K,$168K,$160K,$158K,$156K,$163K,$157K,$156K,$167K,$172K,$186K,$189K,$187K,$182K,$173K,$172K,$176K,$179K,$167K,$176K,$182K,$188K,$200K,$203K,$201K,$191K,$188K,$186K,$187K,$190K,$179K,$185K,$194K,$201K,$208K,$212K,$212K,$201K,$198K,$197K,$203K,$205K,$194K,$198K,$212K,$214K,$221K,$224K,$223K,$213K,$211K,$210K,$209K,$220K,$208K,$214K,$226K,$231K,$237K,$241K,$234K,$225K,$228K,$222K,$223K,$226K,$219K,$221K,$231K,$236K,$245K,$250K,$246K,$240K,$237K,$234K,$236K,$244K,$231K,$239K,$251K,$256K,$249K,$260K,$270K,$274K,$276K,$280K,$275K,$278K,$269K,$276K,$290K,$300K,$310K,$318K,$316K,$312K,$311K,$319K,$320K,$325K,$319K,$330K,$343K,$354K,$369K,$369K,$358K,$355K,$352K,$347K,$343K,$339K,$330K,$340K,$351K,$359K,$369K,$375K,$367K,$371K,$366K,$366K,$363K,$357K,$352K,$360K,$370K,$376K,$385K,$390K,$379K,$373K,$377K,$375K,$372K,$373K,$359K,$367K
Hawaii,$350K,$376K,$369K,$379K,$370K,$392K,$381K,$399K,$408K,$406K,$413K,$410K,$392K,$398K,$401K,$419K,$408K,$434K,$409K,$467K,$412K,$404K,$414K,$415K,$454K,$418K,$445K,$427K,$453K,$453K,$451K,$443K,$467K,$415K,$448K,$456K,$481K,$448K,$483K,$463K,$449K,$452K,$456K,$485K,$487K,$468K,$479K,$473K,$472K,$478K,$478K,$499K,$480K,$520K,$505K,$499K,$499K,$528K,$549K,$499K,$526K,$494K,$502K,$504K,$506K,$550K,$518K,$534K,$542K,$579K,$551K,$539K,$531K,$522K,$535K,$534K,$560K,$563K,$565K,$554K,$550K,$539K,$549K,$530K,$553K,$533K,$549K,$535K,$562K,$566K,$573K,$560K,$587K,$567K,$553K,$573K,$581K,$584K,$602K,$596K,$585K,$579K,$568K,$604K,$607K,$584K,$613K,$626K,$611K,$629K,$616K,$645K,$659K,$668K,$666K,$690K,$679K,$689K,$691K,$714K,$713K,$698K,$720K,$746K,$709K,$738K,$721K,$692K,$701K,$736K,$702K,$699K,$676K,$675K,$728K,$677K,$718K,$710K,$711K,$701K,$736K,$723K,$712K,$759K,$735K,$740K,$818K,$783K,$754K,$823K,$770K,$786K,$785K,$744K,$762K,$756K,$776K,$740K
Idaho,$122K,$130K,$130K,$145K,$150K,$150K,$153K,$153K,$156K,$151K,$157K,$155K,$153K,$151K,$165K,$158K,$167K,$176K,$175K,$173K,$171K,$176K,$170K,$171K,$177K,$167K,$172K,$168K,$177K,$182K,$182K,$184K,$179K,$187K,$190K,$180K,$178K,$176K,$182K,$180K,$191K,$192K,$197K,$194K,$195K,$201K,$199K,$195K,$192K,$192K,$197K,$198K,$203K,$207K,$210K,$211K,$207K,$213K,$209K,$211K,$207K,$217K,$213K,$217K,$224K,$225K,$230K,$232K,$234K,$234K,$228K,$230K,$228K,$236K,$250K,$245K,$251K,$268K,$263K,$269K,$265K,$268K,$265K,$265K,$264K,$268K,$278K,$276K,$281K,$292K,$292K,$294K,$290K,$299K,$302K,$293K,$298K,$305K,$304K,$302K,$306K,$315K,$340K,$352K,$361K,$358K,$364K,$369K,$377K,$387K,$410K,$421K,$439K,$440K,$447K,$451K,$453K,$461K,$459K,$461K,$465K,$474K,$491K,$509K,$516K,$505K,$494K,$483K,$475K,$488K,$463K,$452K,$446K,$452K,$443K,$414K,$468K,$465K,$480K,$473K,$468K,$484K,$480K,$465K,$448K,$483K,$477K,$477K,$488K,$482K,$485K,$481K,$482K,$490K,$470K,$471K,$481K,$483K
Illinois,$128K,$124K,$139K,$144K,$155K,$166K,$158K,$156K,$147K,$141K,$143K,$141K,$130K,$129K,$142K,$158K,$168K,$188K,$184K,$179K,$168K,$161K,$153K,$161K,$147K,$137K,$155K,$166K,$181K,$193K,$191K,$188K,$173K,$164K,$161K,$160K,$154K,$151K,$174K,$181K,$194K,$205K,$201K,$194K,$181K,$175K,$171K,$172K,$169K,$164K,$182K,$199K,$205K,$215K,$209K,$202K,$189K,$187K,$185K,$183K,$182K,$179K,$202K,$211K,$218K,$225K,$219K,$211K,$202K,$194K,$195K,$195K,$192K,$196K,$209K,$220K,$222K,$232K,$221K,$211K,$207K,$199K,$200K,$195K,$194K,$195K,$209K,$220K,$225K,$232K,$226K,$219K,$209K,$207K,$209K,$205K,$200K,$205K,$225K,$235K,$222K,$226K,$241K,$245K,$239K,$239K,$233K,$232K,$232K,$232K,$255K,$265K,$266K,$273K,$267K,$261K,$250K,$248K,$249K,$246K,$243K,$245K,$265K,$278K,$280K,$292K,$275K,$264K,$257K,$250K,$245K,$240K,$237K,$239K,$259K,$275K,$281K,$294K,$287K,$281K,$273K,$266K,$267K,$257K,$258K,$267K,$282K,$295K,$302K,$318K,$309K,$301K,$292K,$289K,$290K,$283K,$283K,$287K
Indiana,$108K,$105K,$114K,$121K,$130K,$133K,$131K,$127K,$126K,$120K,$122K,$123K,$112K,$110K,$117K,$129K,$135K,$142K,$141K,$134K,$131K,$127K,$128K,$132K,$124K,$121K,$130K,$128K,$135K,$140K,$134K,$137K,$129K,$128K,$126K,$127K,$117K,$119K,$127K,$131K,$138K,$144K,$143K,$138K,$133K,$131K,$130K,$131K,$123K,$122K,$133K,$138K,$144K,$148K,$148K,$142K,$144K,$139K,$137K,$139K,$132K,$134K,$141K,$144K,$151K,$159K,$155K,$150K,$151K,$149K,$148K,$150K,$144K,$148K,$153K,$157K,$166K,$168K,$168K,$162K,$162K,$157K,$160K,$158K,$151K,$155K,$161K,$165K,$173K,$181K,$177K,$178K,$171K,$171K,$171K,$172K,$160K,$168K,$177K,$182K,$184K,$187K,$197K,$198K,$194K,$194K,$195K,$191K,$184K,$187K,$192K,$203K,$215K,$219K,$221K,$219K,$220K,$216K,$215K,$217K,$209K,$218K,$227K,$231K,$247K,$254K,$249K,$242K,$238K,$238K,$237K,$232K,$222K,$233K,$237K,$246K,$257K,$257K,$259K,$253K,$249K,$243K,$241K,$239K,$237K,$241K,$248K,$255K,$265K,$271K,$266K,$267K,$264K,$258K,$263K,$260K,$255K,$255K
Iowa,$118K,$115K,$134K,$136K,$140K,$148K,$141K,$147K,$143K,$133K,$142K,$140K,$129K,$137K,$137K,$145K,$151K,$162K,$160K,$152K,$149K,$150K,$144K,$143K,$143K,$131K,$137K,$144K,$157K,$161K,$161K,$150K,$148K,$140K,$144K,$140K,$143K,$138K,$145K,$146K,$151K,$155K,$156K,$154K,$143K,$144K,$148K,$149K,$140K,$141K,$140K,$149K,$153K,$160K,$157K,$154K,$151K,$150K,$150K,$147K,$152K,$141K,$150K,$155K,$161K,$166K,$166K,$163K,$158K,$155K,$158K,$154K,$153K,$151K,$157K,$165K,$169K,$175K,$172K,$170K,$165K,$159K,$161K,$159K,$161K,$158K,$166K,$168K,$172K,$184K,$178K,$178K,$173K,$162K,$168K,$169K,$164K,$157K,$173K,$179K,$185K,$186K,$188K,$192K,$188K,$188K,$183K,$184K,$182K,$181K,$187K,$191K,$198K,$208K,$206K,$202K,$203K,$201K,$198K,$194K,$196K,$193K,$209K,$213K,$222K,$230K,$226K,$218K,$215K,$205K,$200K,$200K,$206K,$202K,$216K,$224K,$229K,$238K,$232K,$233K,$227K,$224K,$218K,$220K,$222K,$222K,$226K,$232K,$241K,$248K,$244K,$242K,$237K,$241K,$233K,$230K,$227K,$228K
Kansas,$124K,$123K,$136K,$145K,$149K,$162K,$152K,$159K,$147K,$147K,$146K,$154K,$136K,$135K,$151K,$149K,$163K,$167K,$167K,$161K,$155K,$160K,$158K,$149K,$137K,$138K,$141K,$152K,$163K,$172K,$167K,$165K,$161K,$159K,$157K,$159K,$151K,$151K,$157K,$164K,$173K,$177K,$172K,$169K,$159K,$162K,$165K,$164K,$154K,$152K,$162K,$175K,$178K,$184K,$183K,$175K,$174K,$171K,$176K,$175K,$165K,$164K,$176K,$175K,$186K,$194K,$190K,$183K,$176K,$179K,$181K,$178K,$178K,$172K,$179K,$187K,$196K,$202K,$197K,$189K,$185K,$187K,$191K,$187K,$181K,$176K,$184K,$191K,$205K,$213K,$208K,$201K,$194K,$196K,$201K,$196K,$192K,$191K,$208K,$211K,$207K,$213K,$224K,$221K,$223K,$221K,$219K,$217K,$216K,$212K,$230K,$233K,$243K,$242K,$247K,$244K,$233K,$235K,$237K,$240K,$227K,$236K,$248K,$251K,$274K,$275K,$267K,$262K,$256K,$262K,$257K,$253K,$238K,$247K,$252K,$259K,$279K,$284K,$281K,$275K,$266K,$269K,$268K,$259K,$248K,$266K,$268K,$272K,$279K,$296K,$294K,$282K,$281K,$289K,$283K,$283K,$263K,$280K
Kentucky,$121K,$126K,$132K,$134K,$140K,$145K,$140K,$137K,$135K,$138K,$134K,$138K,$126K,$127K,$135K,$134K,$147K,$150K,$144K,$140K,$135K,$134K,$135K,$131K,$123K,$124K,$131K,$136K,$140K,$148K,$145K,$146K,$137K,$138K,$136K,$142K,$134K,$136K,$143K,$140K,$154K,$155K,$150K,$150K,$147K,$145K,$141K,$147K,$142K,$136K,$143K,$149K,$153K,$159K,$161K,$155K,$153K,$152K,$151K,$147K,$146K,$142K,$149K,$156K,$161K,$169K,$168K,$161K,$158K,$158K,$158K,$159K,$153K,$156K,$159K,$168K,$168K,$176K,$172K,$168K,$165K,$165K,$166K,$165K,$160K,$161K,$164K,$169K,$179K,$185K,$183K,$181K,$177K,$177K,$171K,$176K,$169K,$172K,$180K,$187K,$190K,$198K,$203K,$203K,$200K,$202K,$203K,$196K,$194K,$194K,$203K,$206K,$216K,$225K,$225K,$219K,$220K,$224K,$222K,$222K,$213K,$220K,$226K,$236K,$243K,$252K,$244K,$243K,$238K,$240K,$234K,$232K,$227K,$233K,$234K,$244K,$252K,$258K,$262K,$257K,$249K,$248K,$248K,$244K,$243K,$251K,$253K,$256K,$268K,$273K,$268K,$264K,$269K,$265K,$267K,$262K,$265K,$264K
Louisiana,$149K,$152K,$152K,$160K,$163K,$165K,$165K,$164K,$162K,$157K,$158K,$160K,$153K,$160K,$158K,$169K,$175K,$174K,$174K,$169K,$161K,$162K,$165K,$168K,$161K,$162K,$170K,$171K,$175K,$180K,$177K,$175K,$171K,$169K,$166K,$172K,$168K,$174K,$173K,$183K,$184K,$188K,$185K,$177K,$180K,$177K,$177K,$183K,$172K,$172K,$185K,$186K,$193K,$193K,$191K,$181K,$189K,$185K,$183K,$176K,$174K,$175K,$186K,$190K,$191K,$198K,$199K,$190K,$187K,$190K,$188K,$194K,$188K,$190K,$189K,$201K,$202K,$200K,$202K,$199K,$195K,$192K,$198K,$197K,$187K,$186K,$195K,$201K,$211K,$213K,$207K,$202K,$203K,$203K,$201K,$205K,$198K,$201K,$206K,$208K,$204K,$213K,$220K,$222K,$218K,$228K,$230K,$225K,$219K,$224K,$232K,$232K,$234K,$243K,$235K,$235K,$233K,$232K,$236K,$240K,$236K,$244K,$246K,$253K,$257K,$263K,$252K,$241K,$241K,$242K,$242K,$240K,$232K,$239K,$240K,$243K,$251K,$253K,$246K,$236K,$237K,$232K,$239K,$236K,$233K,$236K,$242K,$247K,$255K,$256K,$250K,$245K,$246K,$241K,$244K,$251K,$252K,$246K
Maine,$147K,$132K,$124K,$134K,$147K,$140K,$132K,$139K,$141K,$142K,$151K,$158K,$124K,$131K,$134K,$139K,$151K,$152K,$142K,$148K,$145K,$145K,$148K,$142K,$141K,$131K,$131K,$128K,$133K,$148K,$142K,$138K,$145K,$147K,$143K,$151K,$121K,$120K,$130K,$132K,$141K,$145K,$144K,$145K,$147K,$154K,$144K,$136K,$148K,$119K,$126K,$143K,$196K,$199K,$199K,$203K,$194K,$199K,$197K,$196K,$193K,$190K,$189K,$194K,$203K,$211K,$212K,$211K,$210K,$206K,$208K,$209K,$212K,$201K,$218K,$208K,$221K,$229K,$225K,$227K,$217K,$217K,$222K,$212K,$205K,$218K,$219K,$219K,$235K,$242K,$237K,$232K,$230K,$226K,$235K,$232K,$230K,$221K,$239K,$243K,$235K,$250K,$255K,$268K,$271K,$279K,$275K,$271K,$261K,$265K,$284K,$294K,$310K,$318K,$314K,$314K,$321K,$321K,$306K,$305K,$310K,$305K,$329K,$346K,$356K,$375K,$353K,$351K,$346K,$343K,$325K,$332K,$329K,$341K,$341K,$385K,$376K,$387K,$387K,$382K,$393K,$396K,$372K,$365K,$378K,$362K,$393K,$391K,$411K,$426K,$416K,$415K,$415K,$415K,$403K,$412K,$417K,$382K
Maryland,$219K,$210K,$227K,$249K,$259K,$268K,$262K,$255K,$244K,$239K,$244K,$243K,$223K,$225K,$242K,$259K,$272K,$284K,$290K,$273K,$257K,$257K,$259K,$256K,$238K,$243K,$250K,$259K,$275K,$287K,$278K,$273K,$259K,$255K,$255K,$251K,$233K,$232K,$248K,$253K,$277K,$283K,$276K,$270K,$259K,$258K,$260K,$260K,$243K,$237K,$254K,$268K,$282K,$293K,$289K,$279K,$269K,$277K,$269K,$274K,$262K,$256K,$271K,$287K,$296K,$301K,$298K,$290K,$280K,$282K,$282K,$279K,$267K,$271K,$288K,$298K,$311K,$316K,$306K,$307K,$295K,$290K,$296K,$290K,$274K,$277K,$295K,$306K,$321K,$330K,$324K,$321K,$310K,$306K,$309K,$309K,$290K,$300K,$323K,$337K,$330K,$337K,$349K,$346K,$351K,$351K,$350K,$343K,$335K,$332K,$353K,$369K,$380K,$387K,$387K,$384K,$373K,$376K,$371K,$374K,$357K,$363K,$382K,$399K,$419K,$421K,$408K,$397K,$390K,$382K,$380K,$374K,$361K,$376K,$380K,$406K,$422K,$433K,$423K,$417K,$410K,$406K,$412K,$396K,$390K,$401K,$414K,$430K,$447K,$453K,$447K,$437K,$433K,$434K,$432K,$429K,$410K,$413K
Massachusetts,$268K,$258K,$264K,$283K,$298K,$325K,$316K,$310K,$290K,$284K,$294K,$304K,$284K,$273K,$288K,$303K,$319K,$343K,$340K,$340K,$324K,$317K,$315K,$321K,$315K,$303K,$317K,$323K,$340K,$361K,$356K,$350K,$330K,$328K,$330K,$338K,$338K,$322K,$327K,$329K,$349K,$369K,$367K,$367K,$342K,$342K,$352K,$349K,$340K,$327K,$336K,$355K,$364K,$385K,$383K,$381K,$361K,$360K,$370K,$363K,$363K,$347K,$367K,$376K,$395K,$410K,$405K,$402K,$386K,$383K,$396K,$391K,$385K,$376K,$392K,$411K,$420K,$440K,$438K,$431K,$405K,$406K,$412K,$391K,$397K,$388K,$406K,$412K,$436K,$454K,$453K,$442K,$420K,$416K,$423K,$429K,$429K,$418K,$441K,$457K,$443K,$456K,$478K,$490K,$490K,$477K,$481K,$478K,$479K,$467K,$499K,$528K,$547K,$565K,$556K,$546K,$527K,$520K,$533K,$531K,$520K,$511K,$557K,$585K,$605K,$613K,$602K,$584K,$568K,$550K,$560K,$535K,$535K,$525K,$563K,$586K,$614K,$641K,$637K,$625K,$601K,$610K,$595K,$577K,$573K,$577K,$619K,$634K,$643K,$679K,$668K,$644K,$625K,$631K,$630K,$629K,$624K,$614K
Michigan,$80K,$78K,$87K,$93K,$101K,$107K,$109K,$108K,$107K,$106K,$105K,$105K,$95K,$97K,$106K,$111K,$120K,$131K,$134K,$130K,$130K,$121K,$117K,$117K,$108K,$94K,$100K,$109K,$122K,$130K,$132K,$130K,$125K,$122K,$118K,$118K,$108K,$105K,$119K,$127K,$136K,$142K,$142K,$138K,$134K,$131K,$127K,$128K,$122K,$125K,$134K,$141K,$150K,$157K,$157K,$153K,$152K,$149K,$148K,$146K,$139K,$136K,$148K,$157K,$164K,$168K,$168K,$164K,$161K,$160K,$160K,$158K,$152K,$153K,$160K,$168K,$177K,$179K,$180K,$175K,$168K,$167K,$166K,$165K,$159K,$163K,$168K,$175K,$185K,$188K,$187K,$188K,$183K,$180K,$178K,$174K,$169K,$174K,$184K,$191K,$186K,$197K,$206K,$205K,$207K,$205K,$202K,$197K,$192K,$192K,$208K,$219K,$225K,$233K,$235K,$229K,$226K,$223K,$223K,$217K,$207K,$217K,$223K,$239K,$250K,$256K,$254K,$245K,$239K,$233K,$227K,$217K,$209K,$219K,$231K,$241K,$256K,$260K,$260K,$258K,$252K,$246K,$240K,$231K,$227K,$237K,$250K,$257K,$272K,$274K,$277K,$271K,$266K,$263K,$262K,$256K,$246K,$252K
Minnesota,$133K,$132K,$144K,$153K,$160K,$170K,$171K,$168K,$164K,$167K,$163K,$160K,$151K,$152K,$167K,$173K,$181K,$195K,$192K,$194K,$180K,$184K,$182K,$174K,$167K,$168K,$178K,$180K,$194K,$203K,$199K,$200K,$189K,$188K,$183K,$188K,$181K,$186K,$192K,$198K,$205K,$211K,$208K,$206K,$203K,$198K,$197K,$198K,$196K,$193K,$202K,$213K,$219K,$223K,$220K,$220K,$214K,$212K,$211K,$211K,$206K,$207K,$220K,$227K,$231K,$239K,$235K,$234K,$229K,$223K,$224K,$224K,$221K,$232K,$240K,$247K,$253K,$252K,$247K,$247K,$240K,$242K,$245K,$239K,$242K,$247K,$256K,$260K,$264K,$268K,$263K,$263K,$258K,$256K,$257K,$257K,$252K,$259K,$274K,$280K,$270K,$279K,$285K,$290K,$286K,$290K,$289K,$282K,$276K,$286K,$302K,$308K,$316K,$326K,$321K,$323K,$314K,$311K,$309K,$308K,$304K,$315K,$327K,$343K,$349K,$350K,$344K,$338K,$331K,$326K,$323K,$315K,$311K,$316K,$324K,$340K,$342K,$353K,$348K,$352K,$338K,$334K,$331K,$322K,$324K,$331K,$342K,$358K,$356K,$363K,$360K,$360K,$350K,$351K,$349K,$340K,$343K,$353K
Mississippi,$107K,$118K,$119K,$127K,$131K,$137K,$143K,$134K,$131K,$126K,$128K,$123K,$116K,$117K,$124K,$129K,$132K,$139K,$138K,$139K,$128K,$129K,$131K,$134K,$126K,$125K,$129K,$136K,$141K,$146K,$149K,$143K,$147K,$140K,$138K,$140K,$132K,$142K,$142K,$147K,$154K,$153K,$156K,$148K,$147K,$148K,$144K,$147K,$137K,$145K,$145K,$149K,$157K,$159K,$158K,$157K,$154K,$153K,$151K,$154K,$145K,$152K,$159K,$155K,$160K,$165K,$165K,$165K,$163K,$160K,$154K,$159K,$155K,$159K,$161K,$165K,$168K,$172K,$173K,$176K,$172K,$161K,$167K,$169K,$164K,$161K,$172K,$172K,$176K,$182K,$180K,$176K,$175K,$172K,$175K,$177K,$167K,$182K,$184K,$187K,$191K,$197K,$201K,$196K,$199K,$202K,$205K,$210K,$194K,$201K,$210K,$212K,$215K,$220K,$218K,$219K,$219K,$222K,$223K,$219K,$227K,$234K,$232K,$240K,$244K,$250K,$251K,$240K,$246K,$239K,$234K,$239K,$227K,$247K,$244K,$243K,$257K,$258K,$248K,$249K,$252K,$245K,$228K,$229K,$228K,$245K,$244K,$239K,$261K,$264K,$262K,$256K,$252K,$261K,$260K,$265K,$251K,$253K
Missouri,$95K,$101K,$104K,$114K,$123K,$121K,$121K,$121K,$124K,$115K,$111K,$114K,$96K,$99K,$107K,$109K,$129K,$136K,$134K,$127K,$124K,$118K,$119K,$119K,$117K,$120K,$130K,$136K,$148K,$155K,$154K,$148K,$141K,$141K,$139K,$142K,$126K,$132K,$141K,$145K,$156K,$159K,$156K,$152K,$146K,$147K,$142K,$147K,$137K,$136K,$144K,$151K,$163K,$167K,$163K,$161K,$157K,$155K,$153K,$153K,$147K,$147K,$154K,$160K,$165K,$171K,$169K,$163K,$163K,$159K,$162K,$161K,$155K,$156K,$163K,$170K,$177K,$181K,$175K,$173K,$166K,$168K,$169K,$168K,$168K,$163K,$170K,$176K,$187K,$194K,$187K,$186K,$178K,$181K,$175K,$181K,$171K,$174K,$182K,$190K,$194K,$201K,$205K,$208K,$207K,$207K,$206K,$201K,$197K,$203K,$206K,$211K,$221K,$227K,$228K,$223K,$225K,$220K,$225K,$224K,$218K,$221K,$227K,$241K,$248K,$260K,$250K,$245K,$242K,$239K,$236K,$229K,$224K,$227K,$239K,$250K,$255K,$268K,$262K,$260K,$259K,$249K,$244K,$240K,$237K,$240K,$248K,$261K,$272K,$281K,$273K,$269K,$265K,$270K,$263K,$259K,$251K,$258K
Montana,,,,,,,,,,,,,$227K,$260K,$241K,$220K,$275K,$240K,$246K,$251K,$246K,$268K,$222K,$260K,$229K,$273K,$242K,$231K,$251K,$231K,$239K,$232K,$230K,$222K,$230K,$221K,$217K,$227K,$227K,$229K,$233K,$239K,$234K,$242K,$239K,$241K,$241K,$232K,$233K,$241K,$238K,$234K,$246K,$250K,$250K,$242K,$259K,$253K,$250K,$248K,$247K,$243K,$258K,$249K,$253K,$259K,$264K,$262K,$264K,$262K,$262K,$270K,$268K,$275K,$276K,$287K,$282K,$282K,$282K,$293K,$279K,$286K,$282K,$294K,$275K,$285K,$284K,$296K,$303K,$302K,$307K,$302K,$314K,$304K,$299K,$302K,$298K,$299K,$315K,$304K,$305K,$306K,$344K,$352K,$364K,$377K,$362K,$388K,$366K,$370K,$384K,$403K,$403K,$410K,$411K,$442K,$432K,$436K,$441K,$464K,$447K,$481K,$460K,$514K,$484K,$505K,$486K,$494K,$489K,$485K,$484K,$496K,$485K,$479K,$479K,$491K,$506K,$517K,$508K,$515K,$525K,$504K,$473K,$505K,$506K,$497K,$530K,$513K,$531K,$518K,$517K,$524K,$546K,$518K,$551K,$495K,$540K,$523K
Nebraska,$123K,$127K,$132K,$138K,$140K,$146K,$146K,$144K,$139K,$139K,$136K,$144K,$137K,$132K,$136K,$138K,$149K,$156K,$152K,$149K,$147K,$145K,$139K,$145K,$135K,$140K,$144K,$144K,$151K,$157K,$152K,$154K,$153K,$148K,$150K,$147K,$149K,$145K,$150K,$155K,$163K,$169K,$161K,$159K,$154K,$154K,$154K,$161K,$157K,$153K,$160K,$156K,$166K,$173K,$174K,$170K,$168K,$166K,$166K,$165K,$159K,$159K,$166K,$167K,$178K,$181K,$178K,$174K,$174K,$169K,$171K,$169K,$176K,$170K,$182K,$183K,$192K,$198K,$193K,$189K,$183K,$183K,$191K,$181K,$179K,$181K,$190K,$187K,$202K,$205K,$204K,$200K,$196K,$199K,$196K,$195K,$187K,$191K,$202K,$207K,$211K,$211K,$221K,$219K,$216K,$221K,$225K,$213K,$215K,$218K,$227K,$231K,$237K,$244K,$241K,$244K,$239K,$235K,$234K,$235K,$246K,$242K,$259K,$264K,$267K,$275K,$275K,$265K,$267K,$266K,$262K,$260K,$262K,$262K,$273K,$277K,$290K,$296K,$290K,$288K,$281K,$274K,$278K,$275K,$275K,$279K,$288K,$287K,$296K,$307K,$299K,$297K,$288K,$287K,$292K,$281K,$278K,$289K
Nevada,$111K,$112K,$115K,$120K,$123K,$127K,$129K,$131K,$136K,$137K,$141K,$143K,$142K,$146K,$154K,$158K,$164K,$171K,$173K,$176K,$178K,$176K,$179K,$179K,$175K,$182K,$187K,$186K,$188K,$195K,$193K,$199K,$196K,$197K,$200K,$201K,$196K,$200K,$202K,$209K,$210K,$215K,$219K,$216K,$218K,$216K,$218K,$213K,$212K,$216K,$215K,$220K,$229K,$231K,$235K,$231K,$234K,$233K,$235K,$228K,$230K,$234K,$239K,$244K,$250K,$256K,$262K,$262K,$263K,$264K,$265K,$265K,$267K,$272K,$281K,$284K,$285K,$287K,$288K,$291K,$295K,$291K,$293K,$288K,$294K,$289K,$291K,$292K,$301K,$304K,$303K,$303K,$308K,$305K,$306K,$310K,$304K,$308K,$313K,$311K,$315K,$326K,$335K,$337K,$344K,$344K,$345K,$342K,$341K,$349K,$355K,$365K,$374K,$388K,$400K,$396K,$401K,$401K,$413K,$418K,$423K,$436K,$446K,$457K,$466K,$464K,$454K,$442K,$444K,$432K,$421K,$414K,$408K,$408K,$413K,$415K,$428K,$437K,$441K,$440K,$437K,$442K,$436K,$435K,$433K,$446K,$448K,$452K,$458K,$463K,$469K,$466K,$468K,$464K,$462K,$458K,$455K,$457K
New Hampshire,$184K,$165K,$177K,$179K,$192K,$197K,$201K,$198K,$189K,$202K,$201K,$189K,$186K,$183K,$184K,$195K,$203K,$215K,$221K,$211K,$211K,$209K,$199K,$204K,$208K,$197K,$198K,$199K,$214K,$229K,$223K,$222K,$214K,$212K,$211K,$209K,$208K,$208K,$216K,$215K,$226K,$237K,$238K,$231K,$228K,$224K,$223K,$222K,$217K,$209K,$216K,$229K,$233K,$243K,$243K,$243K,$245K,$235K,$235K,$236K,$235K,$225K,$238K,$241K,$256K,$268K,$254K,$256K,$251K,$253K,$256K,$254K,$249K,$247K,$253K,$265K,$266K,$277K,$274K,$268K,$269K,$264K,$270K,$251K,$266K,$248K,$267K,$275K,$283K,$295K,$284K,$285K,$283K,$281K,$282K,$285K,$275K,$278K,$299K,$303K,$308K,$309K,$316K,$327K,$327K,$326K,$329K,$329K,$332K,$330K,$332K,$358K,$376K,$373K,$377K,$386K,$379K,$367K,$380K,$381K,$384K,$377K,$405K,$408K,$434K,$433K,$432K,$429K,$424K,$418K,$419K,$419K,$403K,$398K,$427K,$436K,$452K,$468K,$460K,$464K,$471K,$456K,$452K,$441K,$445K,$447K,$469K,$485K,$507K,$515K,$500K,$503K,$494K,$488K,$479K,$494K,$489K,$481K
New Jersey,$247K,$234K,$249K,$257K,$271K,$281K,$274K,$279K,$264K,$261K,$253K,$258K,$238K,$208K,$228K,$230K,$245K,$265K,$268K,$267K,$252K,$245K,$241K,$245K,$238K,$226K,$234K,$235K,$253K,$263K,$271K,$270K,$253K,$249K,$241K,$245K,$236K,$229K,$228K,$237K,$256K,$261K,$268K,$265K,$255K,$241K,$239K,$233K,$244K,$216K,$223K,$237K,$292K,$310K,$312K,$314K,$296K,$288K,$283K,$285K,$276K,$264K,$273K,$285K,$298K,$315K,$316K,$314K,$293K,$288K,$289K,$290K,$284K,$270K,$285K,$291K,$303K,$320K,$324K,$320K,$307K,$301K,$303K,$298K,$292K,$283K,$293K,$302K,$317K,$332K,$337K,$335K,$318K,$324K,$322K,$324K,$321K,$308K,$325K,$347K,$338K,$343K,$360K,$386K,$384K,$386K,$387K,$382K,$383K,$375K,$385K,$398K,$409K,$429K,$429K,$428K,$421K,$410K,$414K,$418K,$417K,$409K,$422K,$435K,$454K,$471K,$471K,$463K,$451K,$442K,$442K,$429K,$426K,$420K,$435K,$453K,$476K,$496K,$499K,$513K,$492K,$490K,$486K,$485K,$494K,$477K,$495K,$510K,$532K,$549K,$557K,$553K,$538K,$532K,$537K,$533K,$536K,$521K
New Mexico,$274K,$271K,$273K,$257K,$244K,$270K,$263K,$263K,$242K,$278K,$290K,$285K,$241K,$239K,$243K,$244K,$234K,$234K,$266K,$236K,$233K,$253K,$254K,$203K,$199K,$229K,$196K,$194K,$199K,$205K,$213K,$209K,$212K,$211K,$206K,$214K,$202K,$194K,$205K,$194K,$225K,$217K,$209K,$214K,$214K,$215K,$199K,$212K,$197K,$193K,$195K,$198K,$217K,$211K,$206K,$217K,$212K,$214K,$205K,$207K,$201K,$193K,$198K,$218K,$211K,$211K,$217K,$213K,$212K,$214K,$228K,$206K,$212K,$216K,$219K,$204K,$213K,$234K,$223K,$230K,$217K,$240K,$236K,$231K,$218K,$208K,$225K,$221K,$238K,$238K,$246K,$242K,$251K,$252K,$242K,$243K,$254K,$233K,$254K,$230K,$229K,$249K,$262K,$284K,$283K,$284K,$296K,$297K,$263K,$277K,$269K,$276K,$296K,$288K,$291K,$297K,$307K,$310K,$309K,$315K,$288K,$301K,$312K,$319K,$336K,$330K,$208K,$302K,$311K,$332K,$310K,$310K,$306K,$301K,$319K,$332K,$335K,$337K,$331K,$351K,$353K,$354K,$339K,$326K,$346K,$329K,$327K,$351K,$352K,$337K,$360K,$364K,$366K,$385K,$352K,$365K,$345K,$358K
New York,$195K,$193K,$188K,$187K,$197K,$204K,$211K,$211K,$212K,$197K,$196K,$208K,$199K,$199K,$195K,$201K,$204K,$220K,$221K,$226K,$213K,$215K,$208K,$211K,$212K,$206K,$194K,$197K,$196K,$215K,$217K,$219K,$213K,$201K,$212K,$201K,$212K,$205K,$200K,$200K,$208K,$213K,$220K,$229K,$216K,$206K,$208K,$213K,$209K,$207K,$206K,$201K,$353K,$360K,$357K,$358K,$349K,$337K,$343K,$357K,$389K,$369K,$384K,$373K,$372K,$438K,$386K,$396K,$374K,$359K,$370K,$384K,$395K,$396K,$393K,$392K,$393K,$398K,$414K,$393K,$386K,$365K,$375K,$387K,$390K,$409K,$406K,$414K,$407K,$463K,$395K,$404K,$380K,$374K,$365K,$389K,$410K,$424K,$398K,$379K,$379K,$390K,$379K,$373K,$385K,$407K,$406K,$425K,$440K,$443K,$474K,$489K,$492K,$511K,$515K,$508K,$483K,$483K,$477K,$485K,$521K,$530K,$531K,$547K,$546K,$555K,$535K,$521K,$494K,$473K,$479K,$469K,$488K,$481K,$494K,$513K,$526K,$535K,$529K,$534K,$510K,$495K,$489K,$507K,$523K,$499K,$515K,$546K,$559K,$574K,$560K,$552K,$549K,$528K,$521K,$538K,$575K,$577K
North Carolina,$163K,$161K,$176K,$175K,$185K,$188K,$182K,$178K,$174K,$174K,$184K,$178K,$161K,$162K,$174K,$176K,$183K,$186K,$185K,$185K,$177K,$179K,$178K,$187K,$171K,$168K,$174K,$179K,$190K,$191K,$191K,$187K,$182K,$183K,$182K,$185K,$175K,$181K,$191K,$190K,$201K,$205K,$198K,$194K,$191K,$189K,$196K,$194K,$187K,$182K,$194K,$200K,$205K,$215K,$209K,$209K,$204K,$206K,$205K,$209K,$200K,$201K,$210K,$216K,$217K,$228K,$220K,$219K,$216K,$214K,$220K,$224K,$212K,$217K,$226K,$227K,$230K,$236K,$233K,$230K,$227K,$225K,$230K,$228K,$218K,$225K,$233K,$240K,$245K,$248K,$245K,$243K,$241K,$241K,$246K,$248K,$237K,$245K,$254K,$257K,$252K,$262K,$270K,$279K,$276K,$279K,$280K,$280K,$274K,$275K,$288K,$294K,$302K,$312K,$310K,$310K,$309K,$314K,$320K,$326K,$319K,$328K,$340K,$354K,$364K,$369K,$360K,$356K,$354K,$352K,$351K,$345K,$339K,$341K,$353K,$362K,$373K,$378K,$375K,$370K,$367K,$366K,$365K,$361K,$355K,$361K,$370K,$379K,$384K,$391K,$383K,$382K,$378K,$376K,$375K,$375K,$367K,$367K
North Dakota,,,,,,,,,,,,,,,,,,$61K,,$121K,,,,$117K,,,,$74K,$87K,$221K,$249K,$135K,$91K,$95K,$245K,$238K,$89K,$208K,$234K,$234K,$243K,$236K,$237K,$234K,$234K,$222K,$232K,$227K,$211K,$222K,$224K,$225K,$239K,$232K,$231K,$216K,$227K,$225K,$220K,$223K,$220K,$219K,$221K,$217K,$228K,$223K,$222K,$230K,$218K,$224K,$220K,$211K,$214K,$218K,$227K,$224K,$228K,$231K,$223K,$228K,$217K,$223K,$206K,$198K,$205K,$225K,$234K,$216K,$228K,$229K,$232K,$232K,$223K,$232K,$232K,$217K,$225K,$231K,$227K,$220K,$220K,$237K,$231K,$243K,$224K,$232K,$236K,$233K,$226K,$236K,$228K,$244K,$249K,$247K,$250K,$260K,$240K,$242K,$240K,$245K,$242K,$229K,$247K,$284K,$257K,$269K,$259K,$236K,$256K,$258K,$245K,$235K,$219K,$244K,$249K,$264K,$266K,$273K,$275K,$251K,$268K,$260K,$259K,$236K,$254K,$244K,$289K,$276K,$280K,$279K,$304K,$290K,$279K,$284K,$290K,$277K,$273K,$283K
Ohio,$88K,$90K,$101K,$109K,$113K,$123K,$122K,$119K,$113K,$110K,$111K,$109K,$98K,$99K,$108K,$110K,$123K,$133K,$132K,$126K,$119K,$113K,$112K,$111K,$101K,$102K,$112K,$119K,$126K,$137K,$135K,$133K,$126K,$121K,$120K,$118K,$108K,$110K,$120K,$124K,$136K,$141K,$139K,$135K,$130K,$124K,$120K,$126K,$115K,$117K,$128K,$135K,$142K,$148K,$145K,$140K,$139K,$137K,$135K,$132K,$127K,$127K,$136K,$142K,$149K,$156K,$154K,$151K,$147K,$145K,$147K,$141K,$134K,$141K,$145K,$152K,$160K,$167K,$162K,$160K,$157K,$152K,$152K,$150K,$142K,$148K,$153K,$162K,$171K,$181K,$175K,$170K,$167K,$163K,$162K,$160K,$152K,$160K,$171K,$174K,$181K,$187K,$192K,$191K,$191K,$190K,$187K,$186K,$177K,$177K,$188K,$199K,$208K,$218K,$215K,$214K,$209K,$208K,$206K,$201K,$193K,$200K,$209K,$219K,$235K,$239K,$234K,$227K,$223K,$218K,$213K,$209K,$202K,$209K,$219K,$228K,$241K,$248K,$243K,$244K,$235K,$233K,$228K,$222K,$216K,$228K,$236K,$239K,$260K,$263K,$261K,$258K,$255K,$248K,$248K,$248K,$232K,$242K
Oklahoma,$121K,$127K,$127K,$131K,$138K,$137K,$138K,$141K,$135K,$138K,$138K,$139K,$131K,$136K,$137K,$138K,$144K,$148K,$149K,$146K,$140K,$135K,$137K,$140K,$130K,$131K,$138K,$139K,$146K,$151K,$152K,$147K,$145K,$145K,$144K,$145K,$137K,$141K,$144K,$147K,$150K,$159K,$153K,$151K,$151K,$145K,$145K,$145K,$143K,$141K,$143K,$146K,$152K,$154K,$157K,$152K,$150K,$149K,$149K,$152K,$146K,$146K,$150K,$152K,$158K,$160K,$160K,$157K,$156K,$153K,$154K,$154K,$147K,$152K,$155K,$160K,$163K,$166K,$166K,$164K,$159K,$160K,$158K,$159K,$153K,$160K,$164K,$165K,$171K,$178K,$174K,$170K,$169K,$169K,$169K,$169K,$164K,$173K,$177K,$178K,$181K,$190K,$192K,$198K,$195K,$198K,$195K,$194K,$189K,$196K,$200K,$201K,$206K,$211K,$210K,$212K,$211K,$212K,$215K,$213K,$205K,$215K,$223K,$228K,$235K,$243K,$236K,$234K,$231K,$226K,$227K,$219K,$221K,$222K,$236K,$232K,$246K,$248K,$248K,$241K,$232K,$236K,$231K,$232K,$226K,$237K,$241K,$240K,$251K,$258K,$250K,$251K,$244K,$244K,$245K,$241K,$236K,$244K
Oregon,$187K,$185K,$191K,$198K,$205K,$215K,$217K,$215K,$213K,$216K,$214K,$212K,$212K,$209K,$221K,$231K,$240K,$242K,$251K,$245K,$246K,$242K,$243K,$238K,$232K,$240K,$246K,$249K,$257K,$259K,$264K,$261K,$256K,$256K,$253K,$252K,$247K,$250K,$260K,$268K,$276K,$279K,$280K,$278K,$269K,$269K,$273K,$277K,$271K,$270K,$287K,$300K,$303K,$304K,$309K,$307K,$303K,$302K,$304K,$302K,$301K,$302K,$313K,$324K,$331K,$334K,$334K,$329K,$327K,$326K,$325K,$327K,$327K,$333K,$339K,$349K,$351K,$359K,$352K,$352K,$343K,$341K,$338K,$342K,$335K,$343K,$349K,$356K,$369K,$369K,$365K,$365K,$360K,$363K,$365K,$359K,$357K,$363K,$376K,$375K,$374K,$384K,$399K,$404K,$410K,$412K,$413K,$409K,$417K,$429K,$440K,$450K,$469K,$477K,$478K,$477K,$474K,$476K,$477K,$470K,$468K,$486K,$510K,$519K,$528K,$523K,$519K,$513K,$503K,$494K,$492K,$474K,$464K,$483K,$488K,$495K,$512K,$513K,$511K,$509K,$502K,$492K,$490K,$492K,$484K,$489K,$501K,$514K,$523K,$529K,$522K,$512K,$506K,$509K,$502K,$499K,$506K,$505K
Pennsylvania,$153K,$146K,$155K,$164K,$171K,$186K,$178K,$176K,$168K,$164K,$166K,$163K,$154K,$152K,$161K,$166K,$177K,$192K,$189K,$181K,$169K,$167K,$164K,$166K,$160K,$154K,$157K,$160K,$172K,$186K,$187K,$184K,$167K,$166K,$167K,$168K,$158K,$152K,$161K,$168K,$178K,$192K,$188K,$183K,$172K,$168K,$166K,$168K,$164K,$158K,$161K,$172K,$181K,$195K,$191K,$187K,$178K,$175K,$176K,$174K,$169K,$161K,$171K,$180K,$190K,$204K,$201K,$196K,$187K,$184K,$184K,$184K,$181K,$174K,$185K,$189K,$198K,$212K,$206K,$204K,$194K,$190K,$193K,$188K,$181K,$181K,$190K,$194K,$208K,$225K,$216K,$214K,$203K,$199K,$203K,$201K,$195K,$195K,$209K,$223K,$221K,$225K,$228K,$234K,$230K,$230K,$230K,$229K,$226K,$222K,$235K,$241K,$249K,$268K,$264K,$263K,$253K,$250K,$251K,$248K,$243K,$241K,$256K,$264K,$278K,$292K,$284K,$278K,$264K,$263K,$263K,$254K,$250K,$244K,$259K,$265K,$278K,$298K,$292K,$293K,$273K,$273K,$268K,$270K,$265K,$263K,$276K,$285K,$297K,$316K,$307K,$309K,$295K,$296K,$298K,$289K,$286K,$283K
Rhode Island,$166K,$171K,$167K,$175K,$178K,$197K,$195K,$200K,$188K,$188K,$196K,$190K,$174K,$187K,$182K,$178K,$204K,$224K,$210K,$212K,$205K,$200K,$204K,$201K,$202K,$193K,$198K,$207K,$203K,$226K,$220K,$218K,$206K,$225K,$204K,$204K,$201K,$199K,$206K,$203K,$229K,$232K,$232K,$230K,$231K,$224K,$219K,$222K,$223K,$215K,$225K,$237K,$233K,$244K,$255K,$247K,$232K,$237K,$241K,$236K,$228K,$228K,$230K,$241K,$253K,$264K,$265K,$262K,$265K,$260K,$260K,$259K,$256K,$256K,$257K,$267K,$275K,$286K,$280K,$278K,$281K,$277K,$272K,$269K,$264K,$252K,$270K,$279K,$293K,$295K,$293K,$290K,$297K,$294K,$297K,$288K,$300K,$284K,$296K,$301K,$301K,$315K,$328K,$338K,$346K,$340K,$336K,$333K,$333K,$325K,$348K,$361K,$373K,$395K,$388K,$387K,$404K,$390K,$385K,$390K,$382K,$399K,$399K,$429K,$430K,$440K,$426K,$417K,$447K,$428K,$425K,$412K,$408K,$395K,$413K,$434K,$460K,$469K,$462K,$471K,$471K,$454K,$456K,$453K,$460K,$456K,$470K,$482K,$489K,$521K,$502K,$512K,$514K,$518K,$492K,$485K,$509K,$491K
South Carolina,$163K,$160K,$162K,$167K,$174K,$178K,$174K,$174K,$170K,$167K,$171K,$175K,$166K,$167K,$172K,$172K,$185K,$187K,$187K,$192K,$183K,$176K,$181K,$190K,$181K,$177K,$185K,$185K,$187K,$200K,$191K,$192K,$188K,$191K,$189K,$191K,$180K,$190K,$192K,$194K,$199K,$208K,$206K,$200K,$202K,$197K,$205K,$210K,$197K,$194K,$201K,$203K,$208K,$219K,$209K,$212K,$210K,$207K,$212K,$211K,$204K,$208K,$213K,$219K,$221K,$226K,$221K,$216K,$217K,$216K,$219K,$230K,$220K,$218K,$227K,$229K,$232K,$238K,$228K,$232K,$231K,$230K,$231K,$234K,$227K,$221K,$232K,$233K,$242K,$248K,$243K,$242K,$240K,$241K,$238K,$248K,$241K,$242K,$250K,$253K,$250K,$261K,$270K,$275K,$277K,$280K,$282K,$279K,$279K,$279K,$286K,$294K,$302K,$308K,$305K,$307K,$302K,$316K,$315K,$325K,$315K,$325K,$337K,$347K,$361K,$362K,$356K,$347K,$355K,$355K,$357K,$358K,$350K,$340K,$354K,$358K,$369K,$376K,$369K,$367K,$366K,$369K,$358K,$364K,$371K,$361K,$370K,$384K,$386K,$389K,$383K,$379K,$375K,$377K,$378K,$367K,$379K,$382K
South Dakota,$125K,$133K,$139K,$144K,$147K,$152K,$150K,$151K,$141K,$144K,$146K,$151K,$145K,$138K,$147K,$152K,$153K,$153K,$152K,$151K,$146K,$156K,$151K,$151K,$147K,$145K,$151K,$150K,$157K,$161K,$154K,$158K,$150K,$161K,$158K,$156K,$158K,$153K,$154K,$152K,$178K,$176K,$177K,$170K,$171K,$173K,$174K,$171K,$179K,$169K,$172K,$178K,$184K,$187K,$190K,$186K,$186K,$181K,$186K,$176K,$182K,$181K,$191K,$195K,$195K,$196K,$193K,$193K,$191K,$185K,$190K,$187K,$185K,$202K,$195K,$196K,$207K,$212K,$202K,$196K,$197K,$196K,$200K,$200K,$209K,$191K,$202K,$205K,$209K,$214K,$214K,$212K,$207K,$215K,$216K,$209K,$206K,$209K,$213K,$222K,$226K,$228K,$228K,$229K,$235K,$243K,$241K,$244K,$229K,$241K,$235K,$240K,$252K,$271K,$266K,$275K,$277K,$265K,$269K,$271K,$286K,$268K,$293K,$296K,$301K,$318K,$311K,$302K,$292K,$294K,$297K,$292K,$300K,$300K,$307K,$315K,$318K,$330K,$318K,$327K,$301K,$306K,$301K,$300K,$314K,$311K,$317K,$315K,$326K,$328K,$329K,$322K,$321K,$329K,$321K,$304K,$315K,$320K
Tennessee,$111K,$114K,$116K,$124K,$130K,$130K,$131K,$128K,$130K,$128K,$125K,$126K,$115K,$115K,$121K,$129K,$135K,$140K,$143K,$140K,$133K,$133K,$130K,$130K,$121K,$156K,$164K,$166K,$175K,$184K,$183K,$176K,$172K,$168K,$171K,$175K,$163K,$167K,$174K,$176K,$187K,$190K,$188K,$186K,$182K,$180K,$179K,$186K,$180K,$178K,$184K,$190K,$196K,$203K,$205K,$197K,$197K,$197K,$195K,$200K,$190K,$195K,$201K,$205K,$208K,$216K,$219K,$214K,$213K,$208K,$213K,$217K,$207K,$211K,$220K,$218K,$228K,$231K,$228K,$226K,$221K,$221K,$224K,$224K,$220K,$218K,$228K,$230K,$241K,$250K,$246K,$244K,$238K,$241K,$243K,$249K,$237K,$242K,$253K,$253K,$252K,$261K,$269K,$274K,$273K,$281K,$274K,$277K,$268K,$274K,$282K,$297K,$304K,$321K,$317K,$320K,$319K,$329K,$329K,$335K,$324K,$338K,$349K,$368K,$382K,$378K,$363K,$357K,$359K,$354K,$352K,$357K,$345K,$350K,$357K,$359K,$373K,$381K,$381K,$379K,$364K,$368K,$364K,$372K,$364K,$369K,$379K,$388K,$392K,$399K,$389K,$386K,$384K,$388K,$386K,$393K,$383K,$381K
Texas,$142K,$151K,$161K,$162K,$169K,$173K,$170K,$167K,$162K,$161K,$164K,$169K,$155K,$162K,$173K,$182K,$186K,$190K,$187K,$185K,$179K,$177K,$178K,$184K,$169K,$182K,$187K,$189K,$195K,$200K,$197K,$195K,$190K,$188K,$190K,$198K,$184K,$193K,$198K,$202K,$211K,$213K,$208K,$207K,$201K,$199K,$199K,$208K,$196K,$201K,$209K,$214K,$221K,$226K,$222K,$220K,$214K,$214K,$218K,$220K,$207K,$218K,$224K,$228K,$234K,$237K,$233K,$231K,$227K,$223K,$226K,$233K,$220K,$228K,$235K,$236K,$244K,$247K,$243K,$240K,$234K,$233K,$234K,$238K,$223K,$232K,$240K,$245K,$253K,$257K,$251K,$249K,$246K,$246K,$243K,$252K,$238K,$248K,$254K,$254K,$253K,$266K,$274K,$272K,$273K,$276K,$276K,$278K,$269K,$284K,$293K,$304K,$315K,$322K,$320K,$317K,$314K,$317K,$323K,$328K,$320K,$332K,$346K,$359K,$372K,$368K,$357K,$351K,$347K,$342K,$335K,$339K,$327K,$331K,$339K,$347K,$354K,$357K,$353K,$350K,$345K,$341K,$336K,$342K,$331K,$340K,$344K,$351K,$356K,$354K,$354K,$348K,$345K,$345K,$344K,$351K,$335K,$339K
Utah,$176K,$182K,$181K,$192K,$197K,$195K,$194K,$200K,$199K,$204K,$205K,$201K,$201K,$213K,$209K,$216K,$224K,$224K,$223K,$226K,$231K,$221K,$219K,$225K,$216K,$224K,$221K,$218K,$226K,$227K,$228K,$231K,$228K,$233K,$236K,$233K,$230K,$232K,$230K,$237K,$240K,$247K,$243K,$238K,$243K,$244K,$247K,$241K,$243K,$253K,$249K,$259K,$269K,$265K,$261K,$263K,$262K,$262K,$260K,$267K,$276K,$273K,$277K,$283K,$281K,$285K,$285K,$292K,$286K,$287K,$290K,$289K,$290K,$310K,$303K,$305K,$314K,$326K,$320K,$318K,$315K,$323K,$316K,$310K,$322K,$325K,$317K,$340K,$337K,$339K,$339K,$346K,$340K,$347K,$347K,$358K,$343K,$349K,$351K,$348K,$342K,$361K,$382K,$389K,$415K,$432K,$430K,$413K,$410K,$424K,$447K,$472K,$454K,$488K,$492K,$487K,$502K,$503K,$500K,$524K,$530K,$547K,$555K,$572K,$573K,$559K,$544K,$531K,$530K,$524K,$523K,$512K,$510K,$501K,$523K,$517K,$527K,$538K,$528K,$531K,$553K,$549K,$540K,$537K,$526K,$536K,$535K,$559K,$542K,$550K,$556K,$548K,$549K,$554K,$538K,$555K,$567K,$549K
Vermont,$197K,$181K,$190K,$194K,$199K,$214K,$214K,$206K,$218K,$192K,$199K,$194K,$195K,$201K,$203K,$209K,$205K,$223K,$210K,$217K,$205K,$202K,$198K,$195K,$203K,$200K,$196K,$209K,$209K,$203K,$218K,$210K,$201K,$199K,$199K,$200K,$184K,$190K,$198K,$214K,$215K,$217K,$208K,$199K,$201K,$198K,$201K,$205K,$200K,$187K,$192K,$208K,$207K,$225K,$219K,$209K,$210K,$213K,$211K,$220K,$203K,$216K,$200K,$207K,$223K,$225K,$229K,$221K,$217K,$221K,$215K,$220K,$207K,$221K,$221K,$224K,$225K,$232K,$231K,$223K,$230K,$235K,$226K,$236K,$220K,$227K,$230K,$225K,$243K,$244K,$250K,$247K,$241K,$249K,$238K,$247K,$239K,$223K,$235K,$267K,$243K,$258K,$264K,$289K,$291K,$293K,$293K,$295K,$271K,$271K,$283K,$297K,$318K,$326K,$321K,$322K,$315K,$324K,$339K,$332K,$337K,$300K,$332K,$387K,$366K,$392K,$369K,$351K,$365K,$361K,$378K,$338K,$333K,$340K,$335K,$382K,$387K,$390K,$399K,$408K,$394K,$387K,$394K,$373K,$387K,$362K,$392K,$429K,$422K,$407K,$454K,$410K,$407K,$405K,$426K,$386K,$414K,$388K
Virginia,$246K,$251K,$264K,$286K,$298K,$311K,$306K,$288K,$285K,$275K,$289K,$286K,$264K,$276K,$291K,$302K,$321K,$336K,$317K,$309K,$300K,$292K,$284K,$295K,$270K,$275K,$289K,$304K,$310K,$328K,$312K,$309K,$290K,$286K,$291K,$306K,$281K,$269K,$278K,$289K,$302K,$307K,$300K,$291K,$278K,$275K,$282K,$288K,$272K,$267K,$277K,$294K,$301K,$314K,$305K,$296K,$282K,$284K,$288K,$291K,$277K,$280K,$288K,$307K,$316K,$324K,$316K,$303K,$290K,$289K,$297K,$298K,$284K,$288K,$304K,$316K,$321K,$331K,$321K,$311K,$297K,$299K,$305K,$305K,$296K,$293K,$310K,$331K,$330K,$334K,$328K,$322K,$310K,$313K,$309K,$322K,$299K,$312K,$334K,$345K,$334K,$340K,$361K,$358K,$354K,$358K,$353K,$346K,$335K,$348K,$364K,$389K,$399K,$404K,$391K,$379K,$374K,$379K,$382K,$374K,$358K,$379K,$407K,$425K,$439K,$427K,$411K,$396K,$388K,$393K,$385K,$381K,$372K,$385K,$406K,$422K,$443K,$444K,$432K,$436K,$414K,$420K,$416K,$409K,$400K,$420K,$434K,$460K,$464K,$473K,$463K,$449K,$450K,$447K,$444K,$445K,$425K,$444K
Washington,$222K,$230K,$235K,$255K,$260K,$272K,$266K,$268K,$268K,$267K,$276K,$267K,$252K,$265K,$274K,$280K,$291K,$292K,$306K,$300K,$297K,$290K,$283K,$287K,$273K,$283K,$287K,$294K,$301K,$308K,$311K,$299K,$302K,$298K,$298K,$299K,$288K,$288K,$304K,$318K,$324K,$332K,$329K,$331K,$319K,$320K,$322K,$326K,$312K,$321K,$334K,$343K,$346K,$359K,$353K,$353K,$343K,$347K,$346K,$349K,$338K,$352K,$367K,$374K,$384K,$395K,$396K,$391K,$387K,$385K,$387K,$393K,$374K,$402K,$415K,$430K,$433K,$433K,$423K,$410K,$405K,$407K,$405K,$404K,$398K,$417K,$427K,$438K,$447K,$445K,$433K,$431K,$419K,$427K,$428K,$435K,$423K,$447K,$462K,$456K,$451K,$472K,$478K,$494K,$498K,$498K,$495K,$486K,$487K,$509K,$546K,$563K,$579K,$587K,$585K,$580K,$565K,$571K,$565K,$567K,$555K,$587K,$641K,$660K,$664K,$643K,$620K,$605K,$602K,$597K,$577K,$559K,$553K,$570K,$583K,$599K,$618K,$619K,$611K,$614K,$602K,$600K,$605K,$587K,$586K,$618K,$638K,$654K,$656K,$650K,$652K,$644K,$635K,$650K,$637K,$611K,$605K,$629K
West Virginia,$113K,$123K,$125K,$134K,$115K,$131K,$139K,$134K,$144K,$133K,$135K,$129K,$131K,$133K,$137K,$132K,$147K,$147K,$159K,$149K,$148K,$139K,$146K,$144K,$138K,$141K,$129K,$146K,$160K,$157K,$164K,$154K,$143K,$146K,$148K,$140K,$140K,$139K,$139K,$157K,$163K,$175K,$162K,$151K,$154K,$144K,$160K,$147K,$152K,$154K,$152K,$160K,$159K,$167K,$168K,$163K,$162K,$158K,$158K,$159K,$152K,$152K,$155K,$160K,$164K,$178K,$168K,$165K,$168K,$161K,$162K,$172K,$158K,$157K,$159K,$159K,$173K,$178K,$180K,$170K,$175K,$170K,$165K,$172K,$169K,$158K,$172K,$174K,$184K,$189K,$189K,$184K,$179K,$171K,$173K,$181K,$174K,$177K,$189K,$190K,$187K,$186K,$196K,$197K,$194K,$192K,$196K,$199K,$204K,$193K,$207K,$202K,$218K,$224K,$226K,$223K,$220K,$226K,$221K,$211K,$220K,$220K,$221K,$236K,$240K,$235K,$226K,$232K,$236K,$232K,$225K,$222K,$218K,$224K,$225K,$232K,$237K,$245K,$243K,$246K,$236K,$223K,$236K,$239K,$235K,$247K,$255K,$252K,$258K,$253K,$244K,$250K,$256K,$253K,$262K,$246K,$245K,$249K
Wisconsin,$105K,$97K,$106K,$113K,$119K,$118K,$126K,$125K,$119K,$120K,$120K,$121K,$110K,$104K,$116K,$118K,$122K,$133K,$135K,$133K,$130K,$128K,$126K,$128K,$112K,$114K,$119K,$119K,$133K,$135K,$137K,$139K,$133K,$135K,$129K,$125K,$116K,$122K,$132K,$134K,$139K,$147K,$144K,$143K,$143K,$138K,$156K,$154K,$152K,$148K,$159K,$164K,$169K,$178K,$173K,$176K,$171K,$168K,$165K,$166K,$159K,$159K,$168K,$177K,$178K,$189K,$188K,$185K,$177K,$179K,$175K,$177K,$177K,$172K,$181K,$186K,$192K,$202K,$199K,$195K,$190K,$188K,$188K,$184K,$184K,$182K,$191K,$201K,$208K,$217K,$211K,$211K,$201K,$201K,$199K,$199K,$195K,$197K,$211K,$217K,$218K,$226K,$230K,$235K,$231K,$232K,$224K,$221K,$216K,$219K,$234K,$240K,$250K,$261K,$256K,$255K,$251K,$248K,$244K,$241K,$239K,$244K,$259K,$272K,$280K,$288K,$284K,$280K,$276K,$268K,$267K,$261K,$260K,$264K,$281K,$285K,$298K,$307K,$301K,$301K,$297K,$290K,$286K,$276K,$274K,$286K,$301K,$315K,$325K,$331K,$328K,$327K,$316K,$318K,$317K,$312K,$303K,$310K
Wyoming,$173K,$197K,$173K,$204K,$207K,$155K,$172K,$179K,$184K,$202K,$198K,$228K,$171K,$155K,$191K,$218K,$186K,$204K,$189K,$207K,$195K,$195K,$202K,$207K,$203K,$207K,$178K,$190K,$195K,$233K,$175K,$216K,$230K,$299K,$283K,$286K,$269K,$336K,$276K,$273K,$274K,$285K,$251K,$269K,$311K,$313K,$299K,$252K,$282K,$254K,$274K,$263K,$256K,$271K,$249K,$273K,$246K,$263K,$243K,$242K,$248K,$235K,$250K,$256K,$243K,$243K,$262K,$262K,$249K,$249K,$254K,$298K,$242K,$260K,$239K,$275K,$266K,$280K,$281K,$268K,$285K,$280K,$286K,$272K,$327K,$285K,$278K,$238K,$265K,$269K,$277K,$297K,$302K,$307K,$307K,$297K,$300K,$292K,$292K,$283K,$272K,$272K,$344K,$382K,$369K,$375K,$420K,$359K,$332K,$374K,$333K,$352K,$320K,$338K,$367K,$366K,$373K,$416K,$472K,$377K,$312K,$388K,$380K,$383K,$431K,$379K,$361K,$385K,$410K,$453K,$467K,$350K,$441K,$365K,$450K,$345K,$428K,$448K,$408K,$416K,$429K,$469K,$424K,$401K,$372K,$420K,$366K,$416K,$394K,$415K,$408K,$410K,$491K,$512K,$433K,$467K,$415K,$484K